Handle,Title,Body (HTML),Vendor,Type,Tags,Published,Option1 Name,Option1 Value,Variant SKU,Variant Price,Variant Requires Shipping,Variant Taxable,Status,SEO Title,SEO Description
ventus-v1-plus,Ventus V1+,"<p>The Ventus V1+ is a 72V electric dirt bike engineered for riders who want serious power, range, and versatility. Its mid‑drive electric motor delivers strong acceleration and a top speed over 50 mph, supported by a long‑range 72V lithium battery capable of up to 60 miles per charge. Adjustable front and rear suspension provide a smooth, controlled ride, while the 4.2‑hour charge time keeps downtime minimal. At roughly 170 lbs, the V1+ offers a balanced platform for trail riding, commuting, or weekend adventures.</p>
<p><strong>Short summary:</strong> 72V performance electric dirt bike with 50+ mph speed, 60‑mile range, and adjustable suspension.</p>",Kinetic Moto Sports,Electric Dirt Bike,phase1,TRUE,Title,Default Title,ventus-v1-plus,2995,TRUE,TRUE,active,Ventus V1+ Electric Dirt Bike – 72V Mid‑Drive Power & 50+ MPH Performance,"Shop the Ventus V1+. 72V battery, mid‑drive motor, 50+ mph top speed, 60‑mile range, and adjustable suspension. Fast shipping."
sur-ron-light-bee-x,Sur Ron Light Bee X,"<p>The Sur Ron Light Bee X delivers lightweight agility with reliable 60V power. Its 6kW brushless hub motor provides smooth, responsive torque with speeds up to 40 mph. The 60V 32Ah lithium battery offers a range of roughly 45 miles with a 4–6 hour charge time. Front fork and rear shock suspension make the Light Bee X a capable off‑road machine at only 115 lbs.</p>
<p><strong>Short summary:</strong> Lightweight 60V electric dirt bike with 40 mph speed and 45‑mile range.</p>",Kinetic Moto Sports,Electric Dirt Bike,phase1,TRUE,Title,Default Title,sur-ron-light-bee-x,2699,TRUE,TRUE,active,Sur Ron Light Bee X – 60V Electric Dirt Bike with 6kW Motor,"Sur Ron Light Bee X: 60V 32Ah battery, 6kW hub motor, 40 mph top speed, and 45‑mile range. Fast delivery."
sur-ron-ultra-bee-hp,Sur Ron Ultra Bee HP,"<p>The Sur Ron Ultra Bee HP is built for riders who want stronger output and extended range. Its 60V 40Ah battery fuels an 8kW brushless hub motor, reaching speeds up to 50 mph with an impressive 70‑mile range. High‑travel suspension provides control and comfort across aggressive terrain while keeping total weight around 135 lbs.</p>
<p><strong>Short summary:</strong> High‑performance 60V electric dirt bike with 8kW motor and 70‑mile range.</p>",Kinetic Moto Sports,Electric Dirt Bike,phase1,TRUE,Title,Default Title,sur-ron-ultra-bee-hp,3399,TRUE,TRUE,active,Sur Ron Ultra Bee HP – 60V Electric Dirt Bike with 8kW Power,"Sur Ron Ultra Bee HP: 60V 40Ah battery, 8kW hub motor, 50 mph speed, and 70‑mile range. Ships fast."
79bike-falcon-pro,79Bike Falcon Pro,<p><strong>Short summary:</strong> Performance electric dirt bike with upgraded power and premium riding dynamics.</p>,Kinetic Moto Sports,Electric Dirt Bike,phase1,TRUE,Title,Default Title,79bike-falcon-pro,3995,TRUE,TRUE,active,79Bike Falcon Pro – Performance Electric Dirt Bike,79Bike Falcon Pro electric dirt bike. Powerful performance with premium handling. Ships quickly.
79bike-falcon-gt,79Bike Falcon GT,<p><strong>Short summary:</strong> High‑end Falcon GT platform delivering maximum performance and refined control.</p>,Kinetic Moto Sports,Electric Dirt Bike,phase1,TRUE,Title,Default Title,79bike-falcon-gt,4995,TRUE,TRUE,active,79Bike Falcon GT – Premium Electric Dirt Bike,79Bike Falcon GT electric dirt bike. Top‑tier performance and build quality. Fast shipping.
arctic-leopard-xe-pro-s,Arctic Leopard XE Pro S,<p><strong>Short summary:</strong> Advanced electric dirt bike platform with strong performance and responsive handling.</p>,Kinetic Moto Sports,Electric Dirt Bike,phase1,TRUE,Title,Default Title,arctic-leopard-xe-pro-s,4299,TRUE,TRUE,active,Arctic Leopard XE Pro S – Advanced Electric Dirt Bike,Arctic Leopard XE Pro S electric dirt bike. High‑performance design with fast delivery.
e-ride-pro-sr,E Ride Pro SR,<p><strong>Short summary:</strong> Agile electric off‑road bike built for responsive performance.</p>,Kinetic Moto Sports,Electric Dirt Bike,phase1,TRUE,Title,Default Title,e-ride-pro-sr,3499,TRUE,TRUE,active,E Ride Pro SR – Electric Off‑Road Dirt Bike,"E Ride Pro SR electric dirt bike. Lightweight, responsive, and ready to ride. Ships fast."
rawrr-mantis-x-pro,RAWRR Mantis X PRO,<p><strong>Short summary:</strong> Premium electric dirt bike offering strong power and modern off‑road capability.</p>,Kinetic Moto Sports,Electric Dirt Bike,phase1,TRUE,Title,Default Title,rawrr-mantis-x-pro,3999,TRUE,TRUE,active,RAWRR Mantis X PRO – Premium Electric Dirt Bike,"RAWRR Mantis X PRO electric dirt bike. Powerful, capable, and fast‑shipping."
